{
  "n_prompts": 50,
  "max_new_tokens": 100,
  "batch_size": 8,
  "results": {
    "serial": {
      "time": 179.30508494377136,
      "gen_tokens": 3642,
      "qps": 0.2788543337500975,
      "tps": 20.311749670357102
    },
    "batch": {
      "time": 47.874279737472534,
      "gen_tokens": 3663,
      "qps": 1.0444021356390998,
      "tps": 76.51290045692046
    },
    "vllm": {
      "time": 17.55767560005188,
      "gen_tokens": 3490,
      "qps": 2.8477573648673777,
      "tps": 198.773464067743
    }
  }
}
